{"0": [990.169098143236, 3.320409514774581], "1": [983.8368700265252, 4.035639473396282], "2": [987.5165782493368, 6.6949734472013525], "3": [941.4675066312998, 21.546498478891746], "4": [981.3461538461538, 2.3695834075640767], "5": [1003.842175066313, 2.497536938626277], "6": [995.67175066313, 2.707994424884425], "7": [1007.842175066313, 2.1242002186284803], "8": [1003.3978779840849, 1.9155363000155081], "9": [998.9907161803714, 1.8909020671809604], "10": [1000.039124668435, 5.481987120394511], "11": [955.0152519893899, 19.194499536837576], "12": [996.4913793103449, 1.2944709833289783], "13": [1013.7055702917772, 0.5260288702913757], "14": [1006.5935013262599, 0.7023153792336142], "15": [1015.9462864721486, 0.35927388110915603], "16": [995.6637931034483, 0.9322340979749877], "17": [983.7254641909815, 0.4915345530961943], "18": [997.9137931034483, 0.3141164859457212], "19": [989.4827586206897, 0.5875316595893776], "20": [991.001326259947, 0.11515572284541109], "21": [992.738726790451, 0.5855569088707805], "22": [999.2241379310345, 0.5008225192911568], "23": [997.1962864721486, 0.655470351827365], "24": [1006.6724137931035, 0.48050344798271544], "25": [996.1133952254642, 0.34893682445008567], "26": [1010.0610079575597, 0.3381052563816639], "27": [1002.2566312997347, 0.481545152697688], "28": [1004.9257294429708, 0.2977387119472331], "29": [1002.198275862069, 0.5993561516987742], "30": [1010.1405835543767, 0.4707606340632709], "31": [1007.6962864721486, 0.569388897276893], "32": [990.7553050397878, 1.8695358151811796], "33": [985.1783819628647, 1.3998425574575724], "34": [988.382625994695, 1.1313663956154916], "35": [997.9244031830239, 0.8584816198118951], "36": [993.0862068965517, 0.40290153163827686], "37": [996.8289124668435, 0.5558105274916736], "38": [992.8660477453581, 0.8442902488158796], "39": [1001.6485411140584, 0.615734659887323], "40": [1001.9310344827586, 0.8826456741404468], "41": [997.5092838196286, 0.7232726731770811], "42": [1001.4396551724138, 0.6036519171361138], "43": [1007.9529177718833, 0.5043952453486393], "44": [1006.2102122015915, 0.5379267672833119], "45": [1007.8110079575597, 0.4756241661404342], "46": [1004.8163129973475, 0.7410467810745036], "47": [1010.6870026525199, 0.52791143708401], "48": [984.789124668435, 0.9645375345445684], "49": [994.4263925729443, 0.4998869736950922], "50": [991.7281167108754, 0.5192117134220865], "51": [996.657824933687, 0.509484100760154], "52": [988.1432360742706, 0.6530183987833539], "53": [1004.2758620689655, 0.4586635667318457], "54": [1002.3899204244032, 0.4998187937232564], "55": [1011.2354111405836, 0.4515145784111485], "56": [998.5450928381963, 0.5617881213036042], "57": [1007.5464190981432, 0.52506830623597], "58": [1005.2035809018568, 0.48893639175155235], "59": [1007.7453580901857, 0.4873856436853912], "60": [1002.3653846153846, 0.5710018865627975], "61": [1013.998673740053, 0.19270059561179873], "62": [1012.8129973474801, 0.4162364948218878], "63": [1018.8753315649867, 0.3994046748708525], "64": [995.7818302387268, 0.9680650628320755], "65": [987.4064986737401, 0.6027216746616919], "66": [995.9655172413793, 0.29157818147047865], "67": [993.5855437665782, 0.5401424645746169], "68": [986.4840848806366, 0.5598278185560537], "69": [998.6936339522547, 0.5305387919611784], "70": [1003.3693633952255, 0.5222278007742117], "71": [1003.0384615384615, 0.5497583450122703], "72": [1006.9263925729443, 0.3739082920626671], "73": [1001.1923076923077, 0.5366110681694354], "74": [1008.409151193634, 0.5886603691356187], "75": [1005.2181697612732, 0.7866686587173571], "76": [1000.2718832891246, 0.7403346488001998], "77": [1008.7354111405836, 0.5902776878176099], "78": [1013.1816976127321, 0.5341239226952506], "79": [1012.1962864721486, 0.50191886718218], "80": [991.3050397877984, 1.2110460046887708], "81": [996.7732095490716, 0.4551777466252866], "82": [993.7453580901857, 0.4805345626860519], "83": [1003.0895225464191, 0.36682237933327166], "84": [1000.8740053050398, 0.6675805557236854], "85": [1005.7493368700266, 0.45576860845128386], "86": [995.5397877984085, 0.5738630392887585], "87": [1003.3176392572944, 0.5635071565544155], "88": [1004.7068965517242, 1.2145362597174612], "89": [1009.131299734748, 0.36418093533353324], "90": [1007.3448275862069, 0.5344185808992367], "91": [1013.314323607427, 0.4973474801061008], "92": [1013.4416445623342, 0.7612397057295325], "93": [1015.2155172413793, 0.6375500690546125], "94": [1005.8866047745358, 0.5532694100375554], "95": [1011.3169761273209, 0.5127585788388145], "96": [987.0344827586207, 0.9249728996502278], "97": [999.6054376657825, 0.5125968958932858], "98": [1001.0484084880636, 0.2237049087255345], "99": [997.2168435013263, 0.703388999246847], "100": [986.5053050397878, 1.0701389259081417], "101": [1004.2824933687002, 0.4589645139031327], "102": [1002.1538461538462, 0.6516189246911964], "103": [1006.7287798408488, 0.8694913582589405], "104": [998.8110079575597, 0.7866328824260181], "105": [1011.3799734748011, 0.5335402995892661], "106": [1013.472148541114, 0.5351257560167643], "107": [1007.9515915119364, 0.6367743336303632], "108": [1001.3985411140584, 1.0077540193067938], "109": [1013.9694960212202, 0.4682186011600062], "110": [1012.3978779840849, 0.6858136223746674], "111": [1014.3096816976127, 0.6362078089250173], "112": [990.974801061008, 0.35778796559944087], "113": [988.4549071618037, 1.3891235541432227], "114": [993.9084880636605, 0.783352717890705], "115": [1005.3096816976127, 0.5725707809643226], "116": [1001.0470822281167, 0.29322269739519574], "117": [1005.0185676392573, 0.2380849018548717], "118": [1005.0285145888594, 1.3483888294789297], "119": [1011.882625994695, 0.3551672384691971], "120": [1002.669098143236, 0.5301768719652378], "121": [1001.1923076923077, 1.1682784408714473], "122": [1006.6531830238727, 0.8303009591001527], "123": [1015.2301061007958, 0.5408714251621588], "124": [1013.6724137931035, 0.5047338333898085], "125": [1014.5762599469496, 0.5390765424635725], "126": [1015.1671087533157, 1.2604703645452575], "127": [1019.1525198938992, 0.3775184437000075], "128": [810.8899204244032, 0.33150927913979733], "129": [816.9535809018568, 0.2944565906431574], "130": [818.0822281167109, 0.31518142803495075], "131": [832.5179045092838, 0.5204801511090498], "132": [817.7692307692307, 0.4633034334148595], "133": [830.3720159151194, 0.5074374375845351], "134": [831.9615384615385, 0.19908482718331214], "135": [847.9011936339523, 0.32192006382428223], "136": [836.9960212201592, 0.14561706102710523], "137": [847.974801061008, 0.22008323768704102], "138": [849.5497347480106, 0.5196853605196748], "139": [865.882625994695, 0.3379458947217574], "140": [848.2194960212202, 0.4418033464492675], "141": [861.0550397877984, 0.29857275172410414], "142": [863.9814323607427, 0.16980271377484588], "143": [886.1425729442971, 0.3770143220831104], "144": [999.027851458886, 0.2533989613997169], "145": [999.2009283819629, 0.6223717684897282], "146": [998.762599469496, 0.5647765514813506], "147": [1003.8083554376658, 0.7602590658051156], "148": [999.5576923076923, 0.6244258738262638], "149": [1003.7141909814324, 0.5768617150818327], "150": [1007.0802387267904, 0.46587181475600703], "151": [1010.2957559681697, 0.5125046665998877], "152": [1010.6273209549072, 0.5192286519532292], "153": [1011.0716180371353, 0.3239605413529661], "154": [1010.8992042440318, 0.35559104335544534], "155": [1013.446949602122, 0.5307244236943286], "156": [1012.2301061007958, 0.44984021848248723], "157": [1013.0172413793103, 0.5030093286479396], "158": [1016.9966843501327, 0.16078269630614553], "159": [1017.9774535809019, 0.21734078557886125], "160": [994.987400530504, 0.21661828520494228], "161": [996.0358090185676, 0.2601600112057997], "162": [997.1465517241379, 0.3701495046770659], "163": [991.8620689655172, 0.46588550125920986], "164": [977.3633952254642, 0.8450430499469692], "165": [1001.2599469496021, 0.46502388330038136], "166": [1001.6445623342175, 0.504282332148994],