{"0": [31968.164545454547, 313.1829528574355], "1": [36968.40811636364, 270.634435685444], "2": [29520.790872727273, 1194.2946573654267], "3": [22421.443541818182, 1249.7329411294388], "4": [36125.31951272727, 199.70024326907102], "5": [39638.532887272726, 92.89669039622862], "6": [36561.23408, 147.49365580984602], "7": [38976.89768, 124.31544580431913], "8": [36129.53284363636, 206.54750951599286], "9": [38252.80154181818, 213.2151746329711], "10": [29997.13760727273, 1229.9459396110433], "11": [26411.498138181818, 1639.4235602094768], "12": [37193.56933090909, 142.9973369185832], "13": [47629.31706181818, 261.90185657758263], "14": [43525.299854545454, 669.1509938528318], "15": [67700.72007272727, 550.4863754063929], "16": [34382.58925090909, 214.76462930097162], "17": [35219.44244363636, 156.21222327727384], "18": [38449.67058181819, 112.04402551703359], "19": [35596.193381818186, 167.33603057359474], "20": [36552.52376727272, 164.62801880445542], "21": [35103.31142545455, 198.4031755662403], "22": [38463.926378181815, 239.5326707928098], "23": [38669.68461090909, 462.4807842088663], "24": [37734.171956363636, 143.5922553926723], "25": [36131.342312727276, 167.44337994426758], "26": [39148.475701818184, 108.8256427779557], "27": [46787.37416727273, 423.3426917622711], "28": [37242.76911272727, 142.08688852137456], "29": [42305.091243636365, 348.0576960616765], "30": [47218.20314181818, 759.7336324746876], "31": [59847.26075636365, 1024.9887136318814], "32": [34187.04477090909, 214.75913313444119], "33": [35253.504378181824, 398.72580807407394], "34": [36375.47547636364, 293.2785887555474], "35": [41099.5912, 72.09367546549157], "36": [37868.373418181814, 172.34834730570162], "37": [38245.60463272728, 288.049668443595], "38": [37127.28463272728, 303.99108861004424], "39": [41894.2928, 338.67330507670437], "40": [37126.48985454545, 234.87456718353204], "41": [36046.36050181818, 404.5319097650371], "42": [37203.484392727274, 288.87159805695154], "43": [55109.067229090906, 348.1938197997232], "44": [38207.44405818182, 165.339392410675], "45": [46867.01852363636, 497.7384731089965], "46": [46280.15377454545, 715.8954009434676], "47": [67509.96283636363, 867.9411850432086], "48": [31782.009309090907, 443.66027929818245], "49": [38006.696312727276, 198.81461373323356], "50": [37552.65346181818, 235.271781285965], "51": [38465.00958545454, 218.14585665802636], "52": [35939.982167272734, 309.4996015552629], "53": [40611.97688000001, 123.42191804262399], "54": [39500.86744727272, 182.40838700562114], "55": [48357.8916, 443.2436084511371], "56": [35400.10372363636, 356.9081176622209], "57": [39047.912123636364, 188.4558346277345], "58": [38277.96858909091, 236.42713301459344], "59": [52122.225352727284, 450.7975627040694], "60": [36951.07697454546, 964.3046720191563], "61": [51219.54155636363, 355.26184443167574], "62": [50850.08084363636, 1020.3899938353417], "63": [77942.91528000002, 789.4486911342457], "64": [35421.00619636364, 153.7339274503657], "65": [36787.94369454545, 295.94407464314264], "66": [38019.26605818182, 224.14404255224332], "67": [37842.34868363636, 286.0845469578628], "68": [36146.90156363636, 296.09368549066687], "69": [38611.37540363637, 241.5621074642753], "70": [39619.76388363637, 192.50503468128963], "71": [42523.70075636364, 309.817999322433], "72": [38133.14536, 188.20158089722796], "73": [38172.2796, 231.07963960297337], "74": [38716.928036363635, 229.16763223345728], "75": [50391.107476363635, 533.0272720868253], "76": [36864.362065454545, 239.77954676370152], "77": [47595.21192727273, 426.7246120119173], "78": [48813.11650181818, 713.8819293448627], "79": [69782.27129454546, 811.4631572622136], "80": [32142.83882181818, 671.9132676755735], "81": [38261.70443636364, 248.19161117423792], "82": [37470.298370909084, 282.565705474869], "83": [39299.368436363635, 693.7742165464799], "84": [37386.05106181818, 2080.603149127125], "85": [40247.12874181818, 389.97659301853605], "86": [41011.72211636364, 92.87597660591841], "87": [48879.55796363637, 328.6265476518872], "88": [37571.65351272727, 1027.3320060453623], "89": [39580.409439999996, 446.27012405579785], "90": [38497.220043636364, 299.2767332464862], "91": [53408.684109090915, 1107.3236593801482], "92": [38644.33669818182, 201.43403395600404], "93": [50830.417956363635, 639.4617563091111], "94": [53182.038450909095, 1000.0636675695847], "95": [79479.93277818183, 427.33488662911714], "96": [34022.931018181815, 260.38719546423044], "97": [39875.60723636364, 98.40749324203027], "98": [39985.306319999996, 74.90435427847862], "99": [38195.69656, 272.97667787430794], "100": [35647.21229818182, 324.9308547551035], "101": [40299.952639999996, 145.57160577509478], "102": [39350.188232727276, 200.6559596016037], "103": [47458.22950545455, 346.0773346050251], "104": [36127.26832727273, 337.6180966577501], "105": [40647.15020363637, 99.30772187185033], "106": [40694.760603636365, 77.85733146210002], "107": [51628.52619636364, 544.599056008134], "108": [36681.079607272724, 247.22568300590504], "109": [50763.96456000001, 373.66027029940506], "110": [50646.86544, 981.2665513439284], "111": [75772.59433454546, 515.4361218662184], "112": [36177.908858181814, 887.2104230210382], "113": [40478.27747636364, 467.82271728877123], "114": [40158.97293090908, 194.41654079328745], "115": [41541.56822545454, 151.96048409856152], "116": [39979.66490181818, 95.91819670972212], "117": [41633.463316363624, 326.5508925651726], "118": [41254.402261818184, 200.70208458049677], "119": [51828.67974545455, 620.8383570305915], "120": [38751.72673454546, 1292.0842854396253], "121": [41047.88433454546, 482.7666097029165], "122": [40853.05008727273, 220.0913009635937], "123": [57830.3576509091, 532.303297887355], "124": [40138.579141818176, 92.04804481292244], "125": [53962.04198545454, 370.6397553299416], "126": [55467.44490181818, 1379.142587928433], "127": [80655.10055272726, 1576.6868280046856], "128": [17514.181840000005, 33.11267719710694], "129": [19990.136785454542, 33.22173247293157], "130": [19878.015716363632, 39.497287426946905], "131": [22979.70626909091, 37.8639174687499], "132": [19640.497556363644, 36.06621028143861], "133": [22346.62696727273, 33.51424462690038], "134": [22070.159920000006, 28.47834129096185], "135": [45406.27814545455, 173.0063277606222], "136": [20237.79541818182, 27.402342813370105], "137": [33515.184698181816, 202.43003354434126], "138": [29911.909381818186, 257.8302515190593], "139": [54962.65385454544, 355.0160066676338], "140": [23817.433461818182, 52.622339551471896], "141": [50810.040770909094, 270.07212479629925], "142": [50441.879054545454, 722.530888331827], "143": [76173.03365818181, 493.7489554448097], "144": [33289.59119272727, 347.2735520406653], "145": [39367.56950545454, 131.38446522937778], "146": [37713.44743272727, 216.37717060664363], "147": [39501.65525818182, 183.1826821999048], "148": [38049.158559999996, 177.18162840399123], "149": [39857.91005090909, 159.74761042115725], "150": [40473.00618909091, 133.59199512390686], "151": [47396.576603636364, 345.30949617275604], "152": [39427.141599999995, 66.22493542729246], "153": [40174.74830545454, 127.82608180052418], "154": [38674.20882181818, 179.29549283285183], "155": [53510.10351272727, 473.344508627497], "156": [38329.54659636363, 174.40075673870652], "157": [50205.18162909092, 360.04914677653403], "158": [52312.64010181818, 895.5784054711074], "159": [76266.10047272728, 484.3496663558817], "160": [34031.20077090909, 243.05550101232353], "161": [38486.68456727273, 187.18815195357396], "162": [38119.672276363635, 215.91611288086327], "163": [37198.72613818182, 364.21141928340495], "164": [31648.88814545454, 667.6777268245357], "165": [39594.350719999995, 190.84549112350646], "166": [38913.290232727275, 255.945392364608], "167": [47490.266334545464, 368.02650667316715], "168": [37462.96388363637, 223.59040205138476], "169": [39329.32314181818, 184.46424397713574], "170": [38944.846232727265, 204.95829825013087],